<?xml version="1.0" encoding="utf-8"?>
<feed xmlns="http://www.w3.org/2005/Atom" xmlns:media="http://search.yahoo.com/mrss/">
    <title>D102</title>
    <link href="file:////Users/moh/Documents/Publii/sites/d102/preview/feed.xml" rel="self" />
    <link href="file:////Users/moh/Documents/Publii/sites/d102/preview" />
    <updated>2025-02-10T11:56:39-05:00</updated>
    <author>
        <name>D102</name>
    </author>
    <id>file:////Users/moh/Documents/Publii/sites/d102/preview</id>

    <entry>
        <title>Contact &amp; Business Information</title>
        <author>
            <name>D102</name>
        </author>
        <link href="file:////Users/moh/Documents/Publii/sites/d102/preview/contact-and-business-information.html"/>
        <id>file:////Users/moh/Documents/Publii/sites/d102/preview/contact-and-business-information.html</id>

        <updated>2025-02-10T11:51:43-05:00</updated>
            <summary>
                <![CDATA[
                    Contact: m@district102.com Address: Box 70181, Marietta GA, 30007
                ]]>
            </summary>
        <content type="html">
            <![CDATA[
                <p><em>Contact: <a href="mailto:m@district102.com">m@district102.com</a><br></em>Address: Box 70181, Marietta GA, 30007</p>
<p> </p>
<figure class="post__image"><img loading="lazy"  src="file:///Users/moh/Documents/Publii/sites/d102/preview/media/posts/1/2.png" alt="" width="1563" height="1563" sizes="(max-width: 1024px) 100vw, 1024px" srcset="file:///Users/moh/Documents/Publii/sites/d102/preview/media/posts/1/responsive/2-xs.png 300w ,file:///Users/moh/Documents/Publii/sites/d102/preview/media/posts/1/responsive/2-sm.png 480w ,file:///Users/moh/Documents/Publii/sites/d102/preview/media/posts/1/responsive/2-md.png 768w ,file:///Users/moh/Documents/Publii/sites/d102/preview/media/posts/1/responsive/2-lg.png 1024w"></figure>
            ]]>
        </content>
    </entry>
</feed>
