{
    "version": "https://jsonfeed.org/version/1",
    "title": "D102",
    "description": "",
    "home_page_url": "file:////Users/moh/Documents/Publii/sites/d102/preview",
    "feed_url": "file:////Users/moh/Documents/Publii/sites/d102/preview/feed.json",
    "user_comment": "",
    "author": {
        "name": "D102"
    },
    "items": [
        {
            "id": "file:////Users/moh/Documents/Publii/sites/d102/preview/contact-and-business-information.html",
            "url": "file:////Users/moh/Documents/Publii/sites/d102/preview/contact-and-business-information.html",
            "title": "Contact &amp; Business Information",
            "summary": "Contact: m@district102.com Address: Box 70181, Marietta GA, 30007",
            "content_html": "<p><em>Contact: <a href=\"mailto:m@district102.com\">m@district102.com</a><br></em>Address: Box 70181, Marietta GA, 30007</p>\n<p> </p>\n<figure class=\"post__image\"><img loading=\"lazy\"  src=\"file:///Users/moh/Documents/Publii/sites/d102/preview/media/posts/1/2.png\" alt=\"\" width=\"1563\" height=\"1563\" sizes=\"(max-width: 1024px) 100vw, 1024px\" srcset=\"file:///Users/moh/Documents/Publii/sites/d102/preview/media/posts/1/responsive/2-xs.png 300w ,file:///Users/moh/Documents/Publii/sites/d102/preview/media/posts/1/responsive/2-sm.png 480w ,file:///Users/moh/Documents/Publii/sites/d102/preview/media/posts/1/responsive/2-md.png 768w ,file:///Users/moh/Documents/Publii/sites/d102/preview/media/posts/1/responsive/2-lg.png 1024w\"></figure>",
            "author": {
                "name": "D102"
            },
            "tags": [
            ],
            "date_published": "2025-02-10T11:51:43-05:00",
            "date_modified": "2025-02-10T11:56:39-05:00"
        }
    ]
}
