{
    "partials": {

        "menu": {
            "label": "Menu"
        },
        
        "pagination": {
            "prev": "Previous",
            "next": "Next"
        },
        
        "shareButtons": {
            "shareWithFacebook": "Facebook",
            "shareWithTwitter": "Twitter",
            "shareWithPinterest": "Pinterest",
            "shareWithMix": "Mix",
            "shareWithLinkedIn": "LinkedIn",
            "shareWithBuffer": "Buffer",
            "shareWithWhatsApp": "WhatsApp"
        },
        
        "footer": {
            "backToTop": "Back to top",
            "followFacebook": "Facebook",
            "followX": "X",
            "followInstagram": "Instagram",
            "followLinkedIn": "LinkedIn",
            "followVimeo": "Vimeo",
            "followPinterest": "Pinterest",
            "followYoutube": "Youtube"
        }
    },
    
    "post": {
        "publishedBy": "By",
        "relatedPosts": "You should also read:",
        "readMore": "Continue reading...",
        "lastUpdatedDate": "This article was updated on",
        "comments": "Comments",
        "previousPost": "Previous",
        "nextPost": "Next",
        "shareIt": "Share It"
    },

    "page": {
        "childPages": "Child pages"
    },
    
    "tags": {
        "tagsPageTitle": "Tags",
        "description": "Collection of all  %s tags",
        "featuringPosts": "Featuring %s posts"
    },

    "author": {
        "visitWebsite": "Visit website"
    },

    "error": {
        "404": "404",
        "message": "The page you were looking for appears to have been moved, deleted or does not exist. You could go back to where you were or head straight to our home page.",
        "button": "Go home"
    },
    
    "search": {
        "placeholder": "search...",
        "search": "Search",
        "close": "Close",
        "title": "Search",
        "submit": "Submit"
    }
}
