{
    "config": {
        "postsPerPage": 6,
        "tagsPostsPerPage": 6,
        "authorsPostsPerPage": 6,
        "excerptLength": 24,
        "logo": ""
    },
    "customConfig": {
        "pageBodyBorder": "3",
        "layoutTags": "category--normal",
        "layoutAuthor": "category--normal",
        "frontSource": "post",
        "frontPost": 1,
        "frontGallery": false,
        "sliderSource": "",
        "sliderAnimationSpeed": "500",
        "sliderAnimationType": "cubic-bezier(0, .99, .99, 1)",
        "sliderPreloader": true,
        "sliderAutoplay": false,
        "sliderAutoplaySpeed": "3000",
        "sliderPaginationDots": true,
        "sliderPaginationDotsPosition": "right",
        "sliderCategory": true,
        "sliderButton": true,
        "postPageWidth": "52rem",
        "featuredImageHeight": "100",
        "postAside": true,
        "heroTag": true,
        "gridGutter": "portfolio--gutter",
        "gridImageOverlay": "rgba(255, 255, 255, 0.3)",
        "gridImageScale": "1.1",
        "primaryColor": "#D6496C",
        "secondaryColor": "#4e5360",
        "headingColor": "#4e5360",
        "textColor": "#4e5360",
        "linkColor": "#D6496C",
        "linkHoverColor": "#4e5360",
        "minFontSize": "1",
        "maxFontSize": "1.2",
        "linkColorMenu": "#4e5360",
        "linkHoverColorMenu": "#D6496C",
        "submenu": "auto",
        "submenuWidth": "15",
        "search": true,
        "searchId": "",
        "searchParam": "q",
        "shareFacebook": false,
        "shareTwitter": false,
        "shareTwitterName": "",
        "sharePinterest": false,
        "shareMix": false,
        "shareLinkedin": false,
        "shareBuffer": false,
        "commentDisqusShortname": "",
        "copyrightText": "<p>Powered by Publii</p>",
        "socialButtons": false,
        "socialFacebook": "",
        "socialTwitter": "",
        "socialInstagram": "",
        "socialLinkedin": "",
        "socialVimeo": "",
        "socialPinterest": "",
        "socialYoutube": "",
        "galleryItemGap": "0.5rem",
        "galleryLightboxStyle": "pswp--light",
        "galleryLightboxOpacity": "0.94",
        "galleryAdvanced": false,
        "galleryCounter": true,
        "galleryZoom": true,
        "galleryFullscreen": true,
        "galleryShare": true,
        "galleryClose": true,
        "galleryArrows": true,
        "galleryPreloader": true,
        "galleryCloseOnScroll": true,
        "galleryArrowKeys": true,
        "formatDate": "MMMM D, YYYY",
        "formatDateCustom": "HH:mm:ss YY/MM/DD",
        "lazyLoad": true,
        "lazyLoadEffect": "fadein",
        "faviconUpload": "",
        "faviconExtension": "image/x-icon"
    },
    "postConfig": {
        "displayAuthor": 1,
        "displayDate": 1,
        "displayTags": 1,
        "displayShareButtons": 1,
        "displayPostNavigation": 1,
        "navigationStyle": 0,
        "displayAuthorBio": 1,
        "displayComments": 0
    },
    "pageConfig": {},
    "tagConfig": {},
    "authorConfig": {},
    "defaultTemplates": {
        "post": "",
        "page": ""
    }
}